0,COMO TIENE EL PELO <SET>COMPI</SET>,*,*,<star/> tiene el pelo <map name="pelo"><star/></map>,ejercicio6.aiml
0,COMO TIENE EL PELO *,*,*,No lo se,ejercicio6.aiml
0,EL PELO DE * ES *,*,*,<think>#Newline		<set var="cap"><srai>como tiene el pelo <star/></srai></set>#Newline	</think>#Newline	<condition var="cap">#Newline		<li value="NO LO SE">#Newline		<learn>#Newline			<category>#Newline			<pattern>#Newline				Como tiene el pelo <eval><star/></eval>#Newline			</pattern>#Newline			<template>#Newline				El pelo de <eval><star/></eval> es <eval><star index="2"/></eval>#Newline			</template>#Newline			</category>#Newline		</learn>#Newline		El pelo de <star/> es <star index="2"/>#Newline		</li>#Newline		<li>#Newline			<value><star/> tiene el pelo <star index="2"/></value>#Newline			<template>Ya sabia como era el pelo de <star/></template>#Newline		</li>#Newline		<li>#Newline			<template>Estas seguro? porque yo creo que el pelo de <star/> es <map name="pelo"><star/></map></template>#Newline		</li>#Newline	</condition>,ejercicio6.aiml
0,DE QUE COLOR TIENE LOS OJOS <SET>COMPI</SET>,*,*,<star/> tiene los ojos <map name="ojos"><star/></map>,ejercicio6.aiml
0,DE QUE COLOR TIENE LOS OJOS *,*,*,No lo se,ejercicio6.aiml
0,LOS OJOS DE * SON *,*,*,<think>#Newline		<set var="cap"><srai>De que color tiene los ojos <star/></srai></set>#Newline	</think>#Newline	<condition var="cap">#Newline		<li value="NO LO SE">#Newline		<learn>#Newline			<category>#Newline			<pattern>#Newline				De que color tiene los ojos <eval><star/></eval>#Newline			</pattern>#Newline			<template>#Newline				Los ojos de <eval><star/></eval> son <eval><star index="2"/></eval>#Newline			</template>#Newline			</category>#Newline		</learn>#Newline		Recordare que los ojos de <star/> son <star index="2"/>#Newline		</li>#Newline		<li>#Newline			<value><star/> tiene los ojos <star index="2"/></value> #Newline			<template>Ya sabia el color de ojos de <star/></template>#Newline		</li>#Newline		<li><think>#Newline			<set name="ojo"><star index="2"/></set>#Newline			</think>#Newline			<template>Estas seguro? porque yo creo que los ojos de <star/> son <map name="ojos"><star/></map></template>#Newline		</li>#Newline	</condition>,ejercicio6.aiml
0,SI ^,PORQUE YO CREO QUE LOS OJOS DE * SON *,*,<learn>#Newline			<category>#Newline			<pattern>#Newline				De que color tiene los ojos <eval><thatstar/></eval>#Newline			</pattern>#Newline			<template>#Newline				Los ojos de <eval><thatstar/></eval> son <get name="ojo"/>#Newline			</template>#Newline			</category>#Newline	</learn>#Newline	Okay#Comma pues me apunto para la proxima que los ojos de <thatstar/> son <get name="ojo"/>,ejercicio6.aiml
0,* TIENE LOS OJOS * Y EL PELO *,*,*,<srai>Los ojos de <star/> son <star index="2"/></srai>#Newline	<srai>El pelo de <star/> es <star index="3"/></srai>,ejercicio6.aiml
0,ACTUALIZA MIS AMIGOS,*,*,Hecho :),ejercicio6.aiml
